Service Type,Prefix,Number Length,From,To,Status,Quantity,Allocatee,Allocation Date,Latest Holder,Latest Transfer Date,Current EROU holder,EROU assignment date,Numbering Area
International service,13,5,130,139,Spare,10,,,,,,,
Local rate,131,6,131037,131037,Spare,1,,,,,,,
Local rate,131,6,131048,131049,Spare,2,,,,,,,
Local rate,131,6,131051,131053,Spare,3,,,,,,,
Local rate,131,6,131057,131057,Spare,1,,,,,,,
Local rate,131,6,131059,131059,Spare,1,,,,,,,
Local rate,131,6,131061,131061,Spare,1,,,,,,,
Local rate,131,6,131063,131064,Spare,2,,,,,,,
Local rate,131,6,131067,131069,Spare,3,,,,,,,
Local rate,131,6,131071,131071,Spare,1,,,,,,,
Local rate,131,6,131073,131074,Spare,2,,,,,,,
Local rate,131,6,131078,131079,Spare,2,,,,,,,
Local rate,131,6,131082,131083,Spare,2,,,,,,,
Local rate,131,6,131089,131089,Spare,1,,,,,,,
Local rate,131,6,131092,131092,Spare,1,,,,,,,
Local rate,131,6,131094,131094,Spare,1,,,,,,,
Local rate,131,6,131097,131097,Spare,1,,,,,,,
Local rate,131,6,131104,131104,Spare,1,,,,,,,
Local rate,131,6,131106,131106,Spare,1,,,,,,,
Local rate,131,6,131109,131110,Spare,2,,,,,,,
Local rate,131,6,131128,131129,Spare,2,,,,,,,
Local rate,131,6,131138,131138,Spare,1,,,,,,,
Local rate,131,6,131148,131148,Spare,1,,,,,,,
Local rate,131,6,131153,131154,Spare,2,,,,,,,
Local rate,131,6,131159,131159,Spare,1,,,,,,,
Local rate,131,6,131163,131165,Spare,3,,,,,,,
Local rate,131,6,131173,131174,Spare,2,,,,,,,
Local rate,131,6,131177,131177,Spare,1,,,,,,,
Local rate,131,6,131179,131179,Spare,1,,,,,,,
Local rate,131,6,131183,131183,Spare,1,,,,,,,
Local rate,131,6,131185,131187,Spare,3,,,,,,,
Local rate,131,6,131193,131194,Spare,2,,,,,,,
Local rate,131,6,131196,131196,Spare,1,,,,,,,
Local rate,131,6,131203,131207,Spare,5,,,,,,,
Local rate,131,6,131216,131216,Spare,1,,,,,,,
Local rate,131,6,131219,131219,Spare,1,,,,,,,
Local rate,131,6,131227,131227,Spare,1,,,,,,,
Local rate,131,6,131231,131231,Spare,1,,,,,,,
Local rate,131,6,131235,131235,Spare,1,,,,,,,
Local rate,131,6,131239,131240,Spare,2,,,,,,,
Local rate,131,6,131248,131248,Spare,1,,,,,,,
Local rate,131,6,131254,131254,Spare,1,,,,,,,
Local rate,131,6,131257,131258,Spare,2,,,,,,,
Local rate,131,6,131263,131263,Spare,1,,,,,,,
Local rate,131,6,131265,131265,Spare,1,,,,,,,
Local rate,131,6,131270,131271,Spare,2,,,,,,,
Local rate,131,6,131277,131277,Spare,1,,,,,,,
Local rate,131,6,131281,131281,Spare,1,,,,,,,
Local rate,131,6,131283,131283,Spare,1,,,,,,,
Local rate,131,6,131289,131291,Spare,3,,,,,,,
Local rate,131,6,131294,131294,Spare,1,,,,,,,
Local rate,131,6,131296,131298,Spare,3,,,,,,,
Local rate,131,6,131308,131308,Spare,1,,,,,,,
Local rate,131,6,131327,131327,Spare,1,,,,,,,
Local rate,131,6,131348,131348,Spare,1,,,,,,,
Local rate,131,6,131367,131368,Spare,2,,,,,,,
Local rate,131,6,131371,131371,Spare,1,,,,,,,
Local rate,131,6,131378,131379,Spare,2,,,,,,,
Local rate,131,6,131382,131382,Spare,1,,,,,,,
Local rate,131,6,131387,131387,Spare,1,,,,,,,
Local rate,131,6,131391,131391,Spare,1,,,,,,,
Local rate,131,6,131393,131393,Spare,1,,,,,,,
Local rate,131,6,131397,131398,Spare,2,,,,,,,
Local rate,131,6,131401,131401,Spare,1,,,,,,,
Local rate,131,6,131403,131403,Spare,1,,,,,,,
Local rate,131,6,131405,131405,Spare,1,,,,,,,
Local rate,131,6,131407,131409,Spare,3,,,,,,,
Local rate,131,6,131417,131417,Spare,1,,,,,,,
Local rate,131,6,131419,131420,Spare,2,,,,,,,
Local rate,131,6,131428,131430,Spare,3,,,,,,,
Local rate,131,6,131432,131432,Spare,1,,,,,,,
Local rate,131,6,131435,131436,Spare,2,,,,,,,
Local rate,131,6,131438,131438,Spare,1,,,,,,,
Local rate,131,6,131445,131445,Spare,1,,,,,,,
Local rate,131,6,131447,131447,Spare,1,,,,,,,
Local rate,131,6,131449,131449,Spare,1,,,,,,,
Local rate,131,6,131453,131454,Spare,2,,,,,,,
Local rate,131,6,131457,131457,Spare,1,,,,,,,
Local rate,131,6,131459,131462,Spare,4,,,,,,,
Local rate,131,6,131470,131470,Spare,1,,,,,,,
Local rate,131,6,131473,131473,Spare,1,,,,,,,
Local rate,131,6,131475,131475,Spare,1,,,,,,,
Local rate,131,6,131483,131483,Spare,1,,,,,,,
Local rate,131,6,131485,131485,Spare,1,,,,,,,
Local rate,131,6,131489,131490,Spare,2,,,,,,,
Local rate,131,6,131494,131494,Spare,1,,,,,,,
Local rate,131,6,131496,131496,Spare,1,,,,,,,
Local rate,131,6,131501,131504,Spare,4,,,,,,,
Local rate,131,6,131507,131508,Spare,2,,,,,,,
Local rate,131,6,131510,131510,Spare,1,,,,,,,
Local rate,131,6,131522,131522,Spare,1,,,,,,,
Local rate,131,6,131526,131528,Spare,3,,,,,,,
Local rate,131,6,131530,131530,Spare,1,,,,,,,
Local rate,131,6,131533,131535,Spare,3,,,,,,,
Local rate,131,6,131537,131537,Spare,1,,,,,,,
Local rate,131,6,131541,131541,Spare,1,,,,,,,
Local rate,131,6,131543,131543,Spare,1,,,,,,,
Local rate,131,6,131548,131549,Spare,2,,,,,,,
Local rate,131,6,131553,131553,Spare,1,,,,,,,
Local rate,131,6,131561,131562,Spare,2,,,,,,,
Local rate,131,6,131566,131566,Spare,1,,,,,,,
Local rate,131,6,131569,131573,Spare,5,,,,,,,
Local rate,131,6,131575,131575,Spare,1,,,,,,,
Local rate,131,6,131578,131578,Spare,1,,,,,,,
Local rate,131,6,131581,131585,Spare,5,,,,,,,
Local rate,131,6,131587,131588,Spare,2,,,,,,,
Local rate,131,6,131591,131597,Spare,7,,,,,,,
Local rate,131,6,131599,131599,Spare,1,,,,,,,
Local rate,131,6,131603,131603,Spare,1,,,,,,,
Local rate,131,6,131605,131606,Spare,2,,,,,,,
Local rate,131,6,131609,131609,Spare,1,,,,,,,
Local rate,131,6,131612,131612,Spare,1,,,,,,,
Local rate,131,6,131620,131620,Spare,1,,,,,,,
Local rate,131,6,131627,131627,Spare,1,,,,,,,
Local rate,131,6,131635,131635,Spare,1,,,,,,,
Local rate,131,6,131637,131638,Spare,2,,,,,,,
Local rate,131,6,131640,131641,Spare,2,,,,,,,
Local rate,131,6,131643,131645,Spare,3,,,,,,,
Local rate,131,6,131648,131648,Spare,1,,,,,,,
Local rate,131,6,131650,131651,Spare,2,,,,,,,
Local rate,131,6,131653,131660,Spare,8,,,,,,,
Local rate,131,6,131664,131665,Spare,2,,,,,,,
Local rate,131,6,131667,131667,Spare,1,,,,,,,
Local rate,131,6,131671,131671,Spare,1,,,,,,,
Local rate,131,6,131674,131674,Spare,1,,,,,,,
Local rate,131,6,131676,131676,Spare,1,,,,,,,
Local rate,131,6,131678,131678,Spare,1,,,,,,,
Local rate,131,6,131682,131685,Spare,4,,,,,,,
Local rate,131,6,131688,131690,Spare,3,,,,,,,
Local rate,131,6,131692,131692,Spare,1,,,,,,,
Local rate,131,6,131695,131698,Spare,4,,,,,,,
Local rate,131,6,131701,131702,Spare,2,,,,,,,
Local rate,131,6,131704,131706,Spare,3,,,,,,,
Local rate,131,6,131708,131709,Spare,2,,,,,,,
Local rate,131,6,131712,131712,Spare,1,,,,,,,
Local rate,131,6,131720,131721,Spare,2,,,,,,,
Local rate,131,6,131724,131724,Spare,1,,,,,,,
Local rate,131,6,131726,131726,Spare,1,,,,,,,
Local rate,131,6,131730,131731,Spare,2,,,,,,,
Local rate,131,6,131734,131735,Spare,2,,,,,,,
Local rate,131,6,131741,131741,Spare,1,,,,,,,
Local rate,131,6,131743,131743,Spare,1,,,,,,,
Local rate,131,6,131752,131754,Spare,3,,,,,,,
Local rate,131,6,131756,131756,Spare,1,,,,,,,
Local rate,131,6,131762,131762,Spare,1,,,,,,,
Local rate,131,6,131764,131764,Spare,1,,,,,,,
Local rate,131,6,131766,131766,Spare,1,,,,,,,
Local rate,131,6,131771,131771,Spare,1,,,,,,,
Local rate,131,6,131778,131778,Spare,1,,,,,,,
Local rate,131,6,131780,131781,Spare,2,,,,,,,
Local rate,131,6,131783,131783,Spare,1,,,,,,,
Local rate,131,6,131786,131786,Spare,1,,,,,,,
Local rate,131,6,131790,131796,Spare,7,,,,,,,
Local rate,131,6,131798,131798,Spare,1,,,,,,,
Local rate,131,6,131801,131801,Spare,1,,,,,,,
Local rate,131,6,131803,131805,Spare,3,,,,,,,
Local rate,131,6,131807,131807,Spare,1,,,,,,,
Local rate,131,6,131810,131810,Spare,1,,,,,,,
Local rate,131,6,131814,131815,Spare,2,,,,,,,
Local rate,131,6,131826,131826,Spare,1,,,,,,,
Local rate,131,6,131830,131830,Spare,1,,,,,,,
Local rate,131,6,131833,131833,Spare,1,,,,,,,
Local rate,131,6,131837,131839,Spare,3,,,,,,,
Local rate,131,6,131841,131841,Spare,1,,,,,,,
Local rate,131,6,131844,131844,Spare,1,,,,,,,
Local rate,131,6,131848,131850,Spare,3,,,,,,,
Local rate,131,6,131853,131854,Spare,2,,,,,,,
Local rate,131,6,131857,131857,Spare,1,,,,,,,
Local rate,131,6,131859,131859,Spare,1,,,,,,,
Local rate,131,6,131861,131861,Spare,1,,,,,,,
Local rate,131,6,131863,131863,Spare,1,,,,,,,
Local rate,131,6,131867,131867,Spare,1,,,,,,,
Local rate,131,6,131870,131871,Spare,2,,,,,,,
Local rate,131,6,131884,131887,Spare,4,,,,,,,
Local rate,131,6,131889,131891,Spare,3,,,,,,,
Local rate,131,6,131893,131897,Spare,5,,,,,,,
Local rate,131,6,131899,131899,Spare,1,,,,,,,
Local rate,131,6,131904,131904,Spare,1,,,,,,,
Local rate,131,6,131906,131908,Spare,3,,,,,,,
Local rate,131,6,131910,131910,Spare,1,,,,,,,
Local rate,131,6,131912,131912,Spare,1,,,,,,,
Local rate,131,6,131916,131916,Spare,1,,,,,,,
Local rate,131,6,131919,131919,Spare,1,,,,,,,
Local rate,131,6,131921,131923,Spare,3,,,,,,,
Local rate,131,6,131925,131925,Spare,1,,,,,,,
Local rate,131,6,131927,131928,Spare,2,,,,,,,
Local rate,131,6,131930,131931,Spare,2,,,,,,,
Local rate,131,6,131933,131933,Spare,1,,,,,,,
Local rate,131,6,131935,131935,Spare,1,,,,,,,
Local rate,131,6,131937,131938,Spare,2,,,,,,,
Local rate,131,6,131941,131947,Spare,7,,,,,,,
Local rate,131,6,131951,131953,Spare,3,,,,,,,
Local rate,131,6,131956,131958,Spare,3,,,,,,,
Local rate,131,6,131964,131970,Spare,7,,,,,,,
Local rate,131,6,131972,131976,Spare,5,,,,,,,
Local rate,131,6,131978,131979,Spare,2,,,,,,,
Local rate,131,6,131982,131983,Spare,2,,,,,,,
Local rate,131,6,131985,131986,Spare,2,,,,,,,
Local rate,131,6,131990,131990,Spare,1,,,,,,,
Local rate,131,6,131992,131996,Spare,5,,,,,,,
Local rate,132,6,132002,132002,Spare,1,,,,,,,
Local rate,132,6,132005,132006,Spare,2,,,,,,,
Local rate,132,6,132008,132009,Spare,2,,,,,,,
Local rate,132,6,132012,132012,Spare,1,,,,,,,
Local rate,132,6,132014,132014,Spare,1,,,,,,,
Local rate,132,6,132016,132017,Spare,2,,,,,,,
Local rate,132,6,132019,132019,Spare,1,,,,,,,
Local rate,132,6,132022,132022,Spare,1,,,,,,,
Local rate,132,6,132024,132024,Spare,1,,,,,,,
Local rate,132,6,132028,132029,Spare,2,,,,,,,
Local rate,132,6,132031,132031,Spare,1,,,,,,,
Local rate,132,6,132033,132041,Spare,9,,,,,,,
Local rate,132,6,132043,132049,Spare,7,,,,,,,
Local rate,132,6,132051,132055,Spare,5,,,,,,,
Local rate,132,6,132057,132057,Spare,1,,,,,,,
Local rate,132,6,132059,132061,Spare,3,,,,,,,
Local rate,132,6,132063,132065,Spare,3,,,,,,,
Local rate,132,6,132069,132079,Spare,11,,,,,,,
Local rate,132,6,132081,132082,Spare,2,,,,,,,
Local rate,132,6,132084,132087,Spare,4,,,,,,,
Local rate,132,6,132089,132089,Spare,1,,,,,,,
Local rate,132,6,132091,132091,Spare,1,,,,,,,
Local rate,132,6,132093,132098,Spare,6,,,,,,,
Local rate,132,6,132102,132109,Spare,8,,,,,,,
Local rate,132,6,132112,132112,Spare,1,,,,,,,
Local rate,132,6,132114,132114,Spare,1,,,,,,,
Local rate,132,6,132116,132119,Spare,4,,,,,,,
Local rate,132,6,132123,132124,Spare,2,,,,,,,
Local rate,132,6,132126,132130,Spare,5,,,,,,,
Local rate,132,6,132133,132133,Spare,1,,,,,,,
Local rate,132,6,132137,132137,Spare,1,,,,,,,
Local rate,132,6,132139,132139,Spare,1,,,,,,,
Local rate,132,6,132141,132141,Spare,1,,,,,,,
Local rate,132,6,132143,132146,Spare,4,,,,,,,
Local rate,132,6,132148,132149,Spare,2,,,,,,,
Local rate,132,6,132151,132151,Spare,1,,,,,,,
Local rate,132,6,132153,132160,Spare,8,,,,,,,
Local rate,132,6,132162,132165,Spare,4,,,,,,,
Local rate,132,6,132167,132168,Spare,2,,,,,,,
Local rate,132,6,132170,132176,Spare,7,,,,,,,
Local rate,132,6,132178,132179,Spare,2,,,,,,,
Local rate,132,6,132181,132187,Spare,7,,,,,,,
Local rate,132,6,132189,132190,Spare,2,,,,,,,
Local rate,132,6,132192,132194,Spare,3,,,,,,,
Local rate,132,6,132196,132199,Spare,4,,,,,,,
Local rate,132,6,132202,132202,Spare,1,,,,,,,
Local rate,132,6,132204,132205,Spare,2,,,,,,,
Local rate,132,6,132208,132209,Spare,2,,,,,,,
Local rate,132,6,132214,132214,Spare,1,,,,,,,
Local rate,132,6,132216,132217,Spare,2,,,,,,,
Local rate,132,6,132220,132220,Spare,1,,,,,,,
Local rate,132,6,132225,132225,Spare,1,,,,,,,
Local rate,132,6,132235,132236,Spare,2,,,,,,,
Local rate,132,6,132239,132241,Spare,3,,,,,,,
Local rate,132,6,132249,132249,Spare,1,,,,,,,
Local rate,132,6,132256,132257,Spare,2,,,,,,,
Local rate,132,6,132260,132260,Spare,1,,,,,,,
Local rate,132,6,132269,132269,Spare,1,,,,,,,
Local rate,132,6,132272,132272,Spare,1,,,,,,,
Local rate,132,6,132279,132279,Spare,1,,,,,,,
Local rate,132,6,132283,132283,Spare,1,,,,,,,
Local rate,132,6,132291,132293,Spare,3,,,,,,,
Local rate,132,6,132297,132298,Spare,2,,,,,,,
Local rate,132,6,132302,132302,Spare,1,,,,,,,
Local rate,132,6,132304,132306,Spare,3,,,,,,,
Local rate,132,6,132308,132309,Spare,2,,,,,,,
Local rate,132,6,132311,132312,Spare,2,,,,,,,
Local rate,132,6,132314,132314,Spare,1,,,,,,,
Local rate,132,6,132317,132317,Spare,1,,,,,,,
Local rate,132,6,132319,132319,Spare,1,,,,,,,
Local rate,132,6,132321,132322,Spare,2,,,,,,,
Local rate,132,6,132329,132330,Spare,2,,,,,,,
Local rate,132,6,132341,132342,Spare,2,,,,,,,
Local rate,132,6,132344,132344,Spare,1,,,,,,,
Local rate,132,6,132346,132346,Spare,1,,,,,,,
Local rate,132,6,132348,132349,Spare,2,,,,,,,
Local rate,132,6,132352,132352,Spare,1,,,,,,,
Local rate,132,6,132354,132354,Spare,1,,,,,,,
Local rate,132,6,132356,132359,Spare,4,,,,,,,
Local rate,132,6,132361,132362,Spare,2,,,,,,,
Local rate,132,6,132365,132366,Spare,2,,,,,,,
Local rate,132,6,132371,132372,Spare,2,,,,,,,
Local rate,132,6,132374,132375,Spare,2,,,,,,,
Local rate,132,6,132379,132379,Spare,1,,,,,,,
Local rate,132,6,132381,132382,Spare,2,,,,,,,
Local rate,132,6,132389,132389,Spare,1,,,,,,,
Local rate,132,6,132395,132398,Spare,4,,,,,,,
Local rate,132,6,132401,132401,Spare,1,,,,,,,
Local rate,132,6,132403,132406,Spare,4,,,,,,,
Local rate,132,6,132408,132409,Spare,2,,,,,,,
Local rate,132,6,132411,132411,Spare,1,,,,,,,
Local rate,132,6,132413,132414,Spare,2,,,,,,,
Local rate,132,6,132416,132419,Spare,4,,,,,,,
Local rate,132,6,132421,132421,Spare,1,,,,,,,
Local rate,132,6,132425,132425,Spare,1,,,,,,,
Local rate,132,6,132429,132429,Spare,1,,,,,,,
Local rate,132,6,132431,132432,Spare,2,,,,,,,
Local rate,132,6,132435,132436,Spare,2,,,,,,,
Local rate,132,6,132438,132439,Spare,2,,,,,,,
Local rate,132,6,132442,132442,Spare,1,,,,,,,
Local rate,132,6,132448,132451,Spare,4,,,,,,,
Local rate,132,6,132454,132454,Spare,1,,,,,,,
Local rate,132,6,132456,132460,Spare,5,,,,,,,
Local rate,132,6,132465,132465,Spare,1,,,,,,,
Local rate,132,6,132469,132469,Spare,1,,,,,,,
Local rate,132,6,132471,132471,Spare,1,,,,,,,
Local rate,132,6,132474,132476,Spare,3,,,,,,,
Local rate,132,6,132487,132487,Spare,1,,,,,,,
Local rate,132,6,132491,132493,Spare,3,,,,,,,
Local rate,132,6,132495,132498,Spare,4,,,,,,,
Local rate,132,6,132501,132501,Spare,1,,,,,,,
Local rate,132,6,132503,132504,Spare,2,,,,,,,
Local rate,132,6,132506,132511,Spare,6,,,,,,,
Local rate,132,6,132513,132514,Spare,2,,,,,,,
Local rate,132,6,132516,132521,Spare,6,,,,,,,
Local rate,132,6,132528,132528,Spare,1,,,,,,,
Local rate,132,6,132530,132531,Spare,2,,,,,,,
Local rate,132,6,132533,132533,Spare,1,,,,,,,
Local rate,132,6,132536,132536,Spare,1,,,,,,,
Local rate,132,6,132538,132538,Spare,1,,,,,,,
Local rate,132,6,132541,132542,Spare,2,,,,,,,
Local rate,132,6,132545,132545,Spare,1,,,,,,,
Local rate,132,6,132549,132549,Spare,1,,,,,,,
Local rate,132,6,132551,132551,Spare,1,,,,,,,
Local rate,132,6,132556,132557,Spare,2,,,,,,,
Local rate,132,6,132561,132561,Spare,1,,,,,,,
Local rate,132,6,132563,132563,Spare,1,,,,,,,
Local rate,132,6,132565,132565,Spare,1,,,,,,,
Local rate,132,6,132568,132571,Spare,4,,,,,,,
Local rate,132,6,132573,132573,Spare,1,,,,,,,
Local rate,132,6,132575,132576,Spare,2,,,,,,,
Local rate,132,6,132578,132578,Spare,1,,,,,,,
Local rate,132,6,132580,132581,Spare,2,,,,,,,
Local rate,132,6,132584,132584,Spare,1,,,,,,,
Local rate,132,6,132587,132587,Spare,1,,,,,,,
Local rate,132,6,132590,132598,Spare,9,,,,,,,
Local rate,132,6,132602,132606,Spare,5,,,,,,,
Local rate,132,6,132608,132609,Spare,2,,,,,,,
Local rate,132,6,132611,132612,Spare,2,,,,,,,
Local rate,132,6,132614,132615,Spare,2,,,,,,,
Local rate,132,6,132617,132621,Spare,5,,,,,,,
Local rate,132,6,132623,132623,Spare,1,,,,,,,
Local rate,132,6,132630,132631,Spare,2,,,,,,,
Local rate,132,6,132634,132635,Spare,2,,,,,,,
Local rate,132,6,132638,132641,Spare,4,,,,,,,
Local rate,132,6,132643,132643,Spare,1,,,,,,,
Local rate,132,6,132645,132647,Spare,3,,,,,,,
Local rate,132,6,132649,132650,Spare,2,,,,,,,
Local rate,132,6,132656,132656,Spare,1,,,,,,,
Local rate,132,6,132661,132661,Spare,1,,,,,,,
Local rate,132,6,132666,132667,Spare,2,,,,,,,
Local rate,132,6,132671,132671,Spare,1,,,,,,,
Local rate,132,6,132673,132673,Spare,1,,,,,,,
Local rate,132,6,132679,132682,Spare,4,,,,,,,
Local rate,132,6,132685,132686,Spare,2,,,,,,,
Local rate,132,6,132689,132690,Spare,2,,,,,,,
Local rate,132,6,132692,132695,Spare,4,,,,,,,
Local rate,132,6,132697,132697,Spare,1,,,,,,,
Local rate,132,6,132699,132699,Spare,1,,,,,,,
Local rate,132,6,132702,132712,Spare,11,,,,,,,
Local rate,132,6,132714,132716,Spare,3,,,,,,,
Local rate,132,6,132718,132721,Spare,4,,,,,,,
Local rate,132,6,132724,132724,Spare,1,,,,,,,
Local rate,132,6,132728,132728,Spare,1,,,,,,,
Local rate,132,6,132730,132731,Spare,2,,,,,,,
Local rate,132,6,132734,132734,Spare,1,,,,,,,
Local rate,132,6,132738,132738,Spare,1,,,,,,,
Local rate,132,6,132740,132741,Spare,2,,,,,,,
Local rate,132,6,132743,132743,Spare,1,,,,,,,
Local rate,132,6,132745,132745,Spare,1,,,,,,,
Local rate,132,6,132748,132749,Spare,2,,,,,,,
Local rate,132,6,132751,132755,Spare,5,,,,,,,
Local rate,132,6,132757,132761,Spare,5,,,,,,,
Local rate,132,6,132763,132763,Spare,1,,,,,,,
Local rate,132,6,132770,132772,Spare,3,,,,,,,
Local rate,132,6,132776,132776,Spare,1,,,,,,,
Local rate,132,6,132778,132778,Spare,1,,,,,,,
Local rate,132,6,132780,132783,Spare,4,,,,,,,
Local rate,132,6,132785,132785,Spare,1,,,,,,,
Local rate,132,6,132790,132793,Spare,4,,,,,,,
Local rate,132,6,132795,132801,Spare,7,,,,,,,
Local rate,132,6,132803,132807,Spare,5,,,,,,,
Local rate,132,6,132809,132810,Spare,2,,,,,,,
Local rate,132,6,132813,132817,Spare,5,,,,,,,
Local rate,132,6,132819,132821,Spare,3,,,,,,,
Local rate,132,6,132830,132831,Spare,2,,,,,,,
Local rate,132,6,132838,132841,Spare,4,,,,,,,
Local rate,132,6,132844,132844,Spare,1,,,,,,,
Local rate,132,6,132851,132851,Spare,1,,,,,,,
Local rate,132,6,132853,132854,Spare,2,,,,,,,
Local rate,132,6,132856,132859,Spare,4,,,,,,,
Local rate,132,6,132871,132871,Spare,1,,,,,,,
Local rate,132,6,132875,132876,Spare,2,,,,,,,
Local rate,132,6,132880,132883,Spare,4,,,,,,,
Local rate,132,6,132885,132885,Spare,1,,,,,,,
Local rate,132,6,132887,132887,Spare,1,,,,,,,
Local rate,132,6,132889,132895,Spare,7,,,,,,,
Local rate,132,6,132897,132898,Spare,2,,,,,,,
Local rate,132,6,132901,132908,Spare,8,,,,,,,
Local rate,132,6,132910,132916,Spare,7,,,,,,,
Local rate,132,6,132918,132923,Spare,6,,,,,,,
Local rate,132,6,132929,132929,Spare,1,,,,,,,
Local rate,132,6,132931,132935,Spare,5,,,,,,,
Local rate,132,6,132937,132938,Spare,2,,,,,,,
Local rate,132,6,132940,132941,Spare,2,,,,,,,
Local rate,132,6,132943,132949,Spare,7,,,,,,,
Local rate,132,6,132951,132954,Spare,4,,,,,,,
Local rate,132,6,132956,132958,Spare,3,,,,,,,
Local rate,132,6,132960,132967,Spare,8,,,,,,,
Local rate,132,6,132969,132972,Spare,4,,,,,,,
Local rate,132,6,132974,132975,Spare,2,,,,,,,
Local rate,132,6,132978,132978,Spare,1,,,,,,,
Local rate,132,6,132980,132986,Spare,7,,,,,,,
Local rate,132,6,132988,132993,Spare,6,,,,,,,
Local rate,132,6,132995,132998,Spare,4,,,,,,,
Local rate,133,6,133001,133001,Spare,1,,,,,,,
Local rate,133,6,133003,133003,Spare,1,,,,,,,
Local rate,133,6,133005,133005,Spare,1,,,,,,,
Local rate,133,6,133009,133009,Spare,1,,,,,,,
Local rate,133,6,133011,133011,Spare,1,,,,,,,
Local rate,133,6,133014,133019,Spare,6,,,,,,,
Local rate,133,6,133022,133023,Spare,2,,,,,,,
Local rate,133,6,133025,133025,Spare,1,,,,,,,
Local rate,133,6,133027,133029,Spare,3,,,,,,,
Local rate,133,6,133031,133031,Spare,1,,,,,,,
Local rate,133,6,133035,133036,Spare,2,,,,,,,
Local rate,133,6,133040,133049,Spare,10,,,,,,,
Local rate,133,6,133051,133054,Spare,4,,,,,,,
Local rate,133,6,133057,133059,Spare,3,,,,,,,
Local rate,133,6,133063,133065,Spare,3,,,,,,,
Local rate,133,6,133067,133072,Spare,6,,,,,,,
Local rate,133,6,133074,133079,Spare,6,,,,,,,
Local rate,133,6,133081,133085,Spare,5,,,,,,,
Local rate,133,6,133087,133089,Spare,3,,,,,,,
Local rate,133,6,133092,133094,Spare,3,,,,,,,
Local rate,133,6,133097,133099,Spare,3,,,,,,,
Local rate,133,6,133101,133109,Spare,9,,,,,,,
Local rate,133,6,133112,133120,Spare,9,,,,,,,
Local rate,133,6,133124,133128,Spare,5,,,,,,,
Local rate,133,6,133131,133131,Spare,1,,,,,,,
Local rate,133,6,133134,133134,Spare,1,,,,,,,
Local rate,133,6,133138,133139,Spare,2,,,,,,,
Local rate,133,6,133142,133143,Spare,2,,,,,,,
Local rate,133,6,133145,133147,Spare,3,,,,,,,
Local rate,133,6,133149,133150,Spare,2,,,,,,,
Local rate,133,6,133152,133154,Spare,3,,,,,,,
Local rate,133,6,133157,133159,Spare,3,,,,,,,
Local rate,133,6,133162,133165,Spare,4,,,,,,,
Local rate,133,6,133167,133172,Spare,6,,,,,,,
Local rate,133,6,133175,133176,Spare,2,,,,,,,
Local rate,133,6,133178,133187,Spare,10,,,,,,,
Local rate,133,6,133189,133193,Spare,5,,,,,,,
Local rate,133,6,133195,133198,Spare,4,,,,,,,
Local rate,133,6,133201,133219,Spare,19,,,,,,,
Local rate,133,6,133221,133221,Spare,1,,,,,,,
Local rate,133,6,133223,133223,Spare,1,,,,,,,
Local rate,133,6,133228,133228,Spare,1,,,,,,,
Local rate,133,6,133230,133231,Spare,2,,,,,,,
Local rate,133,6,133235,133236,Spare,2,,,,,,,
Local rate,133,6,133239,133239,Spare,1,,,,,,,
Local rate,133,6,133241,133241,Spare,1,,,,,,,
Local rate,133,6,133244,133245,Spare,2,,,,,,,
Local rate,133,6,133249,133252,Spare,4,,,,,,,
Local rate,133,6,133255,133256,Spare,2,,,,,,,
Local rate,133,6,133260,133262,Spare,3,,,,,,,
Local rate,133,6,133268,133268,Spare,1,,,,,,,
Local rate,133,6,133270,133271,Spare,2,,,,,,,
Local rate,133,6,133273,133275,Spare,3,,,,,,,
Local rate,133,6,133280,133281,Spare,2,,,,,,,
Local rate,133,6,133283,133283,Spare,1,,,,,,,
Local rate,133,6,133288,133292,Spare,5,,,,,,,
Local rate,133,6,133294,133297,Spare,4,,,,,,,
Local rate,133,6,133302,133302,Spare,1,,,,,,,
Local rate,133,6,133305,133309,Spare,5,,,,,,,
Local rate,133,6,133312,133312,Spare,1,,,,,,,
Local rate,133,6,133314,133319,Spare,6,,,,,,,
Local rate,133,6,133323,133323,Spare,1,,,,,,,
Local rate,133,6,133329,133329,Spare,1,,,,,,,
Local rate,133,6,133332,133332,Spare,1,,,,,,,
Local rate,133,6,133334,133334,Spare,1,,,,,,,
Local rate,133,6,133341,133341,Spare,1,,,,,,,
Local rate,133,6,133346,133346,Spare,1,,,,,,,
Local rate,133,6,133351,133352,Spare,2,,,,,,,
Local rate,133,6,133359,133361,Spare,3,,,,,,,
Local rate,133,6,133364,133364,Spare,1,,,,,,,
Local rate,133,6,133366,133367,Spare,2,,,,,,,
Local rate,133,6,133371,133373,Spare,3,,,,,,,
Local rate,133,6,133375,133375,Spare,1,,,,,,,
Local rate,133,6,133379,133379,Spare,1,,,,,,,
Local rate,133,6,133381,133381,Spare,1,,,,,,,
Local rate,133,6,133385,133385,Spare,1,,,,,,,
Local rate,133,6,133387,133387,Spare,1,,,,,,,
Local rate,133,6,133391,133391,Spare,1,,,,,,,
Local rate,133,6,133395,133395,Spare,1,,,,,,,
Local rate,133,6,133397,133397,Spare,1,,,,,,,
Local rate,133,6,133400,133409,Spare,10,,,,,,,
Local rate,133,6,133411,133419,Spare,9,,,,,,,
Local rate,133,6,133421,133421,Spare,1,,,,,,,
Local rate,133,6,133424,133424,Spare,1,,,,,,,
Local rate,133,6,133426,133426,Spare,1,,,,,,,
Local rate,133,6,133428,133431,Spare,4,,,,,,,
Local rate,133,6,133435,133435,Spare,1,,,,,,,
Local rate,133,6,133437,133437,Spare,1,,,,,,,
Local rate,133,6,133439,133440,Spare,2,,,,,,,
Local rate,133,6,133442,133443,Spare,2,,,,,,,
Local rate,133,6,133445,133453,Spare,9,,,,,,,
Local rate,133,6,133455,133455,Spare,1,,,,,,,
Local rate,133,6,133457,133457,Spare,1,,,,,,,
Local rate,133,6,133459,133461,Spare,3,,,,,,,
Local rate,133,6,133463,133463,Spare,1,,,,,,,
Local rate,133,6,133465,133465,Spare,1,,,,,,,
Local rate,133,6,133467,133471,Spare,5,,,,,,,
Local rate,133,6,133475,133476,Spare,2,,,,,,,
Local rate,133,6,133478,133480,Spare,3,,,,,,,
Local rate,133,6,133484,133485,Spare,2,,,,,,,
Local rate,133,6,133487,133492,Spare,6,,,,,,,
Local rate,133,6,133495,133497,Spare,3,,,,,,,
Local rate,133,6,133499,133499,Spare,1,,,,,,,
Local rate,133,6,133501,133501,Spare,1,,,,,,,
Local rate,133,6,133503,133510,Spare,8,,,,,,,
Local rate,133,6,133512,133512,Spare,1,,,,,,,
Local rate,133,6,133514,133522,Spare,9,,,,,,,
Local rate,133,6,133524,133527,Spare,4,,,,,,,
Local rate,133,6,133530,133531,Spare,2,,,,,,,
Local rate,133,6,133534,133534,Spare,1,,,,,,,
Local rate,133,6,133537,133541,Spare,5,,,,,,,
Local rate,133,6,133543,133543,Spare,1,,,,,,,
Local rate,133,6,133545,133545,Spare,1,,,,,,,
Local rate,133,6,133547,133547,Spare,1,,,,,,,
Local rate,133,6,133549,133549,Spare,1,,,,,,,
Local rate,133,6,133555,133555,Spare,1,,,,,,,
Local rate,133,6,133558,133565,Spare,8,,,,,,,
Local rate,133,6,133568,133568,Spare,1,,,,,,,
Local rate,133,6,133570,133573,Spare,4,,,,,,,
Local rate,133,6,133575,133577,Spare,3,,,,,,,
Local rate,133,6,133579,133584,Spare,6,,,,,,,
Local rate,133,6,133586,133587,Spare,2,,,,,,,
Local rate,133,6,133590,133599,Spare,10,,,,,,,
Local rate,133,6,133601,133602,Spare,2,,,,,,,
Local rate,133,6,133604,133609,Spare,6,,,,,,,
Local rate,133,6,133611,133612,Spare,2,,,,,,,
Local rate,133,6,133614,133619,Spare,6,,,,,,,
Local rate,133,6,133621,133621,Spare,1,,,,,,,
Local rate,133,6,133624,133624,Spare,1,,,,,,,
Local rate,133,6,133631,133635,Spare,5,,,,,,,
Local rate,133,6,133639,133639,Spare,1,,,,,,,
Local rate,133,6,133641,133641,Spare,1,,,,,,,
Local rate,133,6,133643,133645,Spare,3,,,,,,,
Local rate,133,6,133648,133651,Spare,4,,,,,,,
Local rate,133,6,133653,133653,Spare,1,,,,,,,
Local rate,133,6,133657,133662,Spare,6,,,,,,,
Local rate,133,6,133670,133671,Spare,2,,,,,,,
Local rate,133,6,133674,133674,Spare,1,,,,,,,
Local rate,133,6,133676,133676,Spare,1,,,,,,,
Local rate,133,6,133679,133681,Spare,3,,,,,,,
Local rate,133,6,133683,133683,Spare,1,,,,,,,
Local rate,133,6,133685,133685,Spare,1,,,,,,,
Local rate,133,6,133688,133691,Spare,4,,,,,,,
Local rate,133,6,133694,133696,Spare,3,,,,,,,
Local rate,133,6,133701,133701,Spare,1,,,,,,,
Local rate,133,6,133703,133706,Spare,4,,,,,,,
Local rate,133,6,133708,133712,Spare,5,,,,,,,
Local rate,133,6,133714,133717,Spare,4,,,,,,,
Local rate,133,6,133719,133721,Spare,3,,,,,,,
Local rate,133,6,133724,133725,Spare,2,,,,,,,
Local rate,133,6,133730,133730,Spare,1,,,,,,,
Local rate,133,6,133735,133738,Spare,4,,,,,,,
Local rate,133,6,133740,133741,Spare,2,,,,,,,
Local rate,133,6,133744,133744,Spare,1,,,,,,,
Local rate,133,6,133746,133747,Spare,2,,,,,,,
Local rate,133,6,133749,133749,Spare,1,,,,,,,
Local rate,133,6,133751,133751,Spare,1,,,,,,,
Local rate,133,6,133753,133757,Spare,5,,,,,,,
Local rate,133,6,133759,133762,Spare,4,,,,,,,
Local rate,133,6,133765,133766,Spare,2,,,,,,,
Local rate,133,6,133771,133771,Spare,1,,,,,,,
Local rate,133,6,133774,133775,Spare,2,,,,,,,
Local rate,133,6,133780,133781,Spare,2,,,,,,,
Local rate,133,6,133785,133785,Spare,1,,,,,,,
Local rate,133,6,133787,133787,Spare,1,,,,,,,
Local rate,133,6,133789,133792,Spare,4,,,,,,,
Local rate,133,6,133794,133797,Spare,4,,,,,,,
Local rate,133,6,133799,133799,Spare,1,,,,,,,
Local rate,133,6,133801,133802,Spare,2,,,,,,,
Local rate,133,6,133804,133821,Spare,18,,,,,,,
Local rate,133,6,133823,133823,Spare,1,,,,,,,
Local rate,133,6,133826,133826,Spare,1,,,,,,,
Local rate,133,6,133830,133834,Spare,5,,,,,,,
Local rate,133,6,133840,133841,Spare,2,,,,,,,
Local rate,133,6,133843,133846,Spare,4,,,,,,,
Local rate,133,6,133848,133851,Spare,4,,,,,,,
Local rate,133,6,133853,133861,Spare,9,,,,,,,
Local rate,133,6,133865,133865,Spare,1,,,,,,,
Local rate,133,6,133867,133868,Spare,2,,,,,,,
Local rate,133,6,133870,133871,Spare,2,,,,,,,
Local rate,133,6,133874,133875,Spare,2,,,,,,,
Local rate,133,6,133879,133881,Spare,3,,,,,,,
Local rate,133,6,133883,133884,Spare,2,,,,,,,
Local rate,133,6,133886,133887,Spare,2,,,,,,,
Local rate,133,6,133889,133889,Spare,1,,,,,,,
Local rate,133,6,133891,133899,Spare,9,,,,,,,
Local rate,133,6,133901,133907,Spare,7,,,,,,,
Local rate,133,6,133909,133910,Spare,2,,,,,,,
Local rate,133,6,133912,133913,Spare,2,,,,,,,
Local rate,133,6,133915,133915,Spare,1,,,,,,,
Local rate,133,6,133917,133920,Spare,4,,,,,,,
Local rate,133,6,133922,133925,Spare,4,,,,,,,
Local rate,133,6,133928,133932,Spare,5,,,,,,,
Local rate,133,6,133934,133934,Spare,1,,,,,,,
Local rate,133,6,133939,133943,Spare,5,,,,,,,
Local rate,133,6,133945,133945,Spare,1,,,,,,,
Local rate,133,6,133947,133963,Spare,17,,,,,,,
Local rate,133,6,133965,133965,Spare,1,,,,,,,
Local rate,133,6,133967,133972,Spare,6,,,,,,,
Local rate,133,6,133975,133975,Spare,1,,,,,,,
Local rate,133,6,133978,133978,Spare,1,,,,,,,
Local rate,133,6,133980,133981,Spare,2,,,,,,,
Local rate,133,6,133983,133986,Spare,4,,,,,,,
Local rate,133,6,133988,133994,Spare,7,,,,,,,
Local rate,133,6,133996,133998,Spare,3,,,,,,,
Local rate,135,6,135003,135004,Spare,2,,,,,,,
Local rate,135,6,135006,135006,Spare,1,,,,,,,
Local rate,135,6,135008,135012,Spare,5,,,,,,,
Local rate,135,6,135014,135036,Spare,23,,,,,,,
Local rate,135,6,135038,135049,Spare,12,,,,,,,
Local rate,135,6,135051,135059,Spare,9,,,,,,,
Local rate,135,6,135061,135074,Spare,14,,,,,,,
Local rate,135,6,135077,135087,Spare,11,,,,,,,
Local rate,135,6,135089,135095,Spare,7,,,,,,,
Local rate,135,6,135097,135108,Spare,12,,,,,,,
Local rate,135,6,135110,135111,Spare,2,,,,,,,
Local rate,135,6,135113,135134,Spare,22,,,,,,,
Local rate,135,6,135136,135152,Spare,17,,,,,,,
Local rate,135,6,135154,135182,Spare,29,,,,,,,
Local rate,135,6,135184,135207,Spare,24,,,,,,,
Local rate,135,6,135209,135223,Spare,15,,,,,,,
Local rate,135,6,135225,135225,Spare,1,,,,,,,
Local rate,135,6,135229,135231,Spare,3,,,,,,,
Local rate,135,6,135233,135236,Spare,4,,,,,,,
Local rate,135,6,135239,135243,Spare,5,,,,,,,
Local rate,135,6,135248,135252,Spare,5,,,,,,,
Local rate,135,6,135254,135258,Spare,5,,,,,,,
Local rate,135,6,135260,135262,Spare,3,,,,,,,
Local rate,135,6,135265,135267,Spare,3,,,,,,,
Local rate,135,6,135269,135271,Spare,3,,,,,,,
Local rate,135,6,135275,135277,Spare,3,,,,,,,
Local rate,135,6,135279,135281,Spare,3,,,,,,,
Local rate,135,6,135283,135295,Spare,13,,,,,,,
Local rate,135,6,135297,135312,Spare,16,,,,,,,
Local rate,135,6,135314,135322,Spare,9,,,,,,,
Local rate,135,6,135324,135324,Spare,1,,,,,,,
Local rate,135,6,135329,135337,Spare,9,,,,,,,
Local rate,135,6,135339,135341,Spare,3,,,,,,,
Local rate,135,6,135343,135352,Spare,10,,,,,,,
Local rate,135,6,135354,135354,Spare,1,,,,,,,
Local rate,135,6,135356,135358,Spare,3,,,,,,,
Local rate,135,6,135360,135362,Spare,3,,,,,,,
Local rate,135,6,135364,135365,Spare,2,,,,,,,
Local rate,135,6,135370,135377,Spare,8,,,,,,,
Local rate,135,6,135379,135380,Spare,2,,,,,,,
Local rate,135,6,135382,135383,Spare,2,,,,,,,
Local rate,135,6,135385,135388,Spare,4,,,,,,,
Local rate,135,6,135390,135396,Spare,7,,,,,,,
Local rate,135,6,135399,135402,Spare,4,,,,,,,
Local rate,135,6,135404,135422,Spare,19,,,,,,,
Local rate,135,6,135424,135426,Spare,3,,,,,,,
Local rate,135,6,135428,135432,Spare,5,,,,,,,
Local rate,135,6,135434,135436,Spare,3,,,,,,,
Local rate,135,6,135438,135443,Spare,6,,,,,,,
Local rate,135,6,135445,135446,Spare,2,,,,,,,
Local rate,135,6,135448,135458,Spare,11,,,,,,,
Local rate,135,6,135460,135462,Spare,3,,,,,,,
Local rate,135,6,135468,135477,Spare,10,,,,,,,
Local rate,135,6,135479,135481,Spare,3,,,,,,,
Local rate,135,6,135485,135486,Spare,2,,,,,,,
Local rate,135,6,135489,135509,Spare,21,,,,,,,
Local rate,135,6,135511,135512,Spare,2,,,,,,,
Local rate,135,6,135514,135521,Spare,8,,,,,,,
Local rate,135,6,135523,135525,Spare,3,,,,,,,
Local rate,135,6,135527,135528,Spare,2,,,,,,,
Local rate,135,6,135530,135530,Spare,1,,,,,,,
Local rate,135,6,135532,135539,Spare,8,,,,,,,
Local rate,135,6,135541,135543,Spare,3,,,,,,,
Local rate,135,6,135546,135551,Spare,6,,,,,,,
Local rate,135,6,135553,135554,Spare,2,,,,,,,
Local rate,135,6,135556,135564,Spare,9,,,,,,,
Local rate,135,6,135567,135571,Spare,5,,,,,,,
Local rate,135,6,135573,135573,Spare,1,,,,,,,
Local rate,135,6,135575,135599,Spare,25,,,,,,,
Local rate,135,6,135601,135606,Spare,6,,,,,,,
Local rate,135,6,135608,135621,Spare,14,,,,,,,
Local rate,135,6,135623,135623,Spare,1,,,,,,,
Local rate,135,6,135627,135627,Spare,1,,,,,,,
Local rate,135,6,135629,135632,Spare,4,,,,,,,
Local rate,135,6,135634,135637,Spare,4,,,,,,,
Local rate,135,6,135639,135643,Spare,5,,,,,,,
Local rate,135,6,135645,135645,Spare,1,,,,,,,
Local rate,135,6,135647,135661,Spare,15,,,,,,,
Local rate,135,6,135664,135664,Spare,1,,,,,,,
Local rate,135,6,135666,135666,Spare,1,,,,,,,
Local rate,135,6,135668,135682,Spare,15,,,,,,,
Local rate,135,6,135684,135686,Spare,3,,,,,,,
Local rate,135,6,135689,135691,Spare,3,,,,,,,
Local rate,135,6,135693,135694,Spare,2,,,,,,,
Local rate,135,6,135696,135696,Spare,1,,,,,,,
Local rate,135,6,135698,135698,Spare,1,,,,,,,
Local rate,135,6,135702,135709,Spare,8,,,,,,,
Local rate,135,6,135712,135712,Spare,1,,,,,,,
Local rate,135,6,135714,135715,Spare,2,,,,,,,
Local rate,135,6,135717,135719,Spare,3,,,,,,,
Local rate,135,6,135724,135724,Spare,1,,,,,,,
Local rate,135,6,135726,135726,Spare,1,,,,,,,
Local rate,135,6,135729,135730,Spare,2,,,,,,,
Local rate,135,6,135732,135741,Spare,10,,,,,,,
Local rate,135,6,135743,135763,Spare,21,,,,,,,
Local rate,135,6,135765,135767,Spare,3,,,,,,,
Local rate,135,6,135769,135776,Spare,8,,,,,,,
Local rate,135,6,135778,135793,Spare,16,,,,,,,
Local rate,135,6,135795,135813,Spare,19,,,,,,,
Local rate,135,6,135815,135822,Spare,8,,,,,,,
Local rate,135,6,135824,135824,Spare,1,,,,,,,
Local rate,135,6,135826,135826,Spare,1,,,,,,,
Local rate,135,6,135828,135833,Spare,6,,,,,,,
Local rate,135,6,135835,135835,Spare,1,,,,,,,
Local rate,135,6,135837,135841,Spare,5,,,,,,,
Local rate,135,6,135843,135861,Spare,19,,,,,,,
Local rate,135,6,135863,135863,Spare,1,,,,,,,
Local rate,135,6,135867,135868,Spare,2,,,,,,,
Local rate,135,6,135870,135872,Spare,3,,,,,,,
Local rate,135,6,135874,135877,Spare,4,,,,,,,
Local rate,135,6,135879,135883,Spare,5,,,,,,,
Local rate,135,6,135885,135887,Spare,3,,,,,,,
Local rate,135,6,135889,135891,Spare,3,,,,,,,
Local rate,135,6,135893,135936,Spare,44,,,,,,,
Local rate,135,6,135938,135940,Spare,3,,,,,,,
Local rate,135,6,135942,135947,Spare,6,,,,,,,
Local rate,135,6,135949,135949,Spare,1,,,,,,,
Local rate,135,6,135951,135961,Spare,11,,,,,,,
Local rate,135,6,135963,135976,Spare,14,,,,,,,
Local rate,135,6,135978,135990,Spare,13,,,,,,,
Local rate,135,6,135992,135995,Spare,4,,,,,,,
Local rate,135,6,135997,135999,Spare,3,,,,,,,
Local rate,136,6,136002,136002,Spare,1,,,,,,,
Local rate,136,6,136004,136006,Spare,3,,,,,,,
Local rate,136,6,136008,136009,Spare,2,,,,,,,
Local rate,136,6,136011,136017,Spare,7,,,,,,,
Local rate,136,6,136019,136032,Spare,14,,,,,,,
Local rate,136,6,136034,136035,Spare,2,,,,,,,
Local rate,136,6,136037,136037,Spare,1,,,,,,,
Local rate,136,6,136040,136042,Spare,3,,,,,,,
Local rate,136,6,136044,136044,Spare,1,,,,,,,
Local rate,136,6,136046,136046,Spare,1,,,,,,,
Local rate,136,6,136048,136049,Spare,2,,,,,,,
Local rate,136,6,136051,136099,Spare,49,,,,,,,
Local rate,136,6,136101,136108,Spare,8,,,,,,,
Local rate,136,6,136110,136111,Spare,2,,,,,,,
Local rate,136,6,136113,136114,Spare,2,,,,,,,
Local rate,136,6,136117,136120,Spare,4,,,,,,,
Local rate,136,6,136122,136122,Spare,1,,,,,,,
Local rate,136,6,136124,136129,Spare,6,,,,,,,
Local rate,136,6,136131,136134,Spare,4,,,,,,,
Local rate,136,6,136138,136138,Spare,1,,,,,,,
Local rate,136,6,136140,136149,Spare,10,,,,,,,
Local rate,136,6,136151,136161,Spare,11,,,,,,,
Local rate,136,6,136163,136172,Spare,10,,,,,,,
Local rate,136,6,136174,136177,Spare,4,,,,,,,
Local rate,136,6,136179,136179,Spare,1,,,,,,,
Local rate,136,6,136181,136185,Spare,5,,,,,,,
Local rate,136,6,136187,136190,Spare,4,,,,,,,
Local rate,136,6,136192,136194,Spare,3,,,,,,,
Local rate,136,6,136197,136198,Spare,2,,,,,,,
Local rate,136,6,136201,136210,Spare,10,,,,,,,
Local rate,136,6,136212,136212,Spare,1,,,,,,,
Local rate,136,6,136214,136223,Spare,10,,,,,,,
Local rate,136,6,136226,136226,Spare,1,,,,,,,
Local rate,136,6,136228,136232,Spare,5,,,,,,,
Local rate,136,6,136234,136239,Spare,6,,,,,,,
Local rate,136,6,136241,136242,Spare,2,,,,,,,
Local rate,136,6,136247,136249,Spare,3,,,,,,,
Local rate,136,6,136251,136256,Spare,6,,,,,,,
Local rate,136,6,136258,136259,Spare,2,,,,,,,
Local rate,136,6,136261,136261,Spare,1,,,,,,,
Local rate,136,6,136264,136265,Spare,2,,,,,,,
Local rate,136,6,136269,136272,Spare,4,,,,,,,
Local rate,136,6,136276,136277,Spare,2,,,,,,,
Local rate,136,6,136279,136281,Spare,3,,,,,,,
Local rate,136,6,136284,136286,Spare,3,,,,,,,
Local rate,136,6,136288,136288,Spare,1,,,,,,,
Local rate,136,6,136290,136292,Spare,3,,,,,,,
Local rate,136,6,136295,136299,Spare,5,,,,,,,
Local rate,136,6,136301,136301,Spare,1,,,,,,,
Local rate,136,6,136303,136305,Spare,3,,,,,,,
Local rate,136,6,136308,136312,Spare,5,,,,,,,
Local rate,136,6,136314,136323,Spare,10,,,,,,,
Local rate,136,6,136327,136327,Spare,1,,,,,,,
Local rate,136,6,136329,136332,Spare,4,,,,,,,
Local rate,136,6,136335,136341,Spare,7,,,,,,,
Local rate,136,6,136343,136343,Spare,1,,,,,,,
Local rate,136,6,136345,136346,Spare,2,,,,,,,
Local rate,136,6,136349,136351,Spare,3,,,,,,,
Local rate,136,6,136353,136355,Spare,3,,,,,,,
Local rate,136,6,136357,136358,Spare,2,,,,,,,
Local rate,136,6,136360,136360,Spare,1,,,,,,,
Local rate,136,6,136363,136365,Spare,3,,,,,,,
Local rate,136,6,136367,136367,Spare,1,,,,,,,
Local rate,136,6,136369,136371,Spare,3,,,,,,,
Local rate,136,6,136374,136376,Spare,3,,,,,,,
Local rate,136,6,136378,136381,Spare,4,,,,,,,
Local rate,136,6,136383,136386,Spare,4,,,,,,,
Local rate,136,6,136388,136390,Spare,3,,,,,,,
Local rate,136,6,136394,136395,Spare,2,,,,,,,
Local rate,136,6,136399,136411,Spare,13,,,,,,,
Local rate,136,6,136413,136421,Spare,9,,,,,,,
Local rate,136,6,136424,136426,Spare,3,,,,,,,
Local rate,136,6,136429,136431,Spare,3,,,,,,,
Local rate,136,6,136433,136433,Spare,1,,,,,,,
Local rate,136,6,136436,136442,Spare,7,,,,,,,
Local rate,136,6,136444,136452,Spare,9,,,,,,,
Local rate,136,6,136454,136454,Spare,1,,,,,,,
Local rate,136,6,136458,136461,Spare,4,,,,,,,
Local rate,136,6,136465,136468,Spare,4,,,,,,,
Local rate,136,6,136470,136472,Spare,3,,,,,,,
Local rate,136,6,136474,136476,Spare,3,,,,,,,
Local rate,136,6,136479,136486,Spare,8,,,,,,,
Local rate,136,6,136488,136499,Spare,12,,,,,,,
Local rate,136,6,136501,136521,Spare,21,,,,,,,
Local rate,136,6,136523,136524,Spare,2,,,,,,,
Local rate,136,6,136526,136533,Spare,8,,,,,,,
Local rate,136,6,136535,136551,Spare,17,,,,,,,
Local rate,136,6,136553,136568,Spare,16,,,,,,,
Local rate,136,6,136570,136621,Spare,52,,,,,,,
Local rate,136,6,136626,136628,Spare,3,,,,,,,
Local rate,136,6,136630,136631,Spare,2,,,,,,,
Local rate,136,6,136634,136645,Spare,12,,,,,,,
Local rate,136,6,136647,136651,Spare,5,,,,,,,
Local rate,136,6,136653,136653,Spare,1,,,,,,,
Local rate,136,6,136655,136655,Spare,1,,,,,,,
Local rate,136,6,136657,136661,Spare,5,,,,,,,
Local rate,136,6,136664,136665,Spare,2,,,,,,,
Local rate,136,6,136668,136672,Spare,5,,,,,,,
Local rate,136,6,136675,136677,Spare,3,,,,,,,
Local rate,136,6,136679,136681,Spare,3,,,,,,,
Local rate,136,6,136685,136685,Spare,1,,,,,,,
Local rate,136,6,136687,136688,Spare,2,,,,,,,
Local rate,136,6,136690,136698,Spare,9,,,,,,,
Local rate,136,6,136702,136706,Spare,5,,,,,,,
Local rate,136,6,136708,136716,Spare,9,,,,,,,
Local rate,136,6,136718,136724,Spare,7,,,,,,,
Local rate,136,6,136726,136732,Spare,7,,,,,,,
Local rate,136,6,136734,136735,Spare,2,,,,,,,
Local rate,136,6,136738,136741,Spare,4,,,,,,,
Local rate,136,6,136743,136743,Spare,1,,,,,,,
Local rate,136,6,136745,136756,Spare,12,,,,,,,
Local rate,136,6,136758,136761,Spare,4,,,,,,,
Local rate,136,6,136763,136765,Spare,3,,,,,,,
Local rate,136,6,136767,136775,Spare,9,,,,,,,
Local rate,136,6,136777,136788,Spare,12,,,,,,,
Local rate,136,6,136790,136799,Spare,10,,,,,,,
Local rate,136,6,136801,136828,Spare,28,,,,,,,
Local rate,136,6,136830,136835,Spare,6,,,,,,,
Local rate,136,6,136837,136837,Spare,1,,,,,,,
Local rate,136,6,136839,136841,Spare,3,,,,,,,
Local rate,136,6,136843,136846,Spare,4,,,,,,,
Local rate,136,6,136848,136857,Spare,10,,,,,,,
Local rate,136,6,136859,136868,Spare,10,,,,,,,
Local rate,136,6,136870,136873,Spare,4,,,,,,,
Local rate,136,6,136875,136876,Spare,2,,,,,,,
Local rate,136,6,136878,136878,Spare,1,,,,,,,
Local rate,136,6,136880,136881,Spare,2,,,,,,,
Local rate,136,6,136884,136887,Spare,4,,,,,,,
Local rate,136,6,136889,136897,Spare,9,,,,,,,
Local rate,136,6,136899,136912,Spare,14,,,,,,,
Local rate,136,6,136914,136921,Spare,8,,,,,,,
Local rate,136,6,136923,136923,Spare,1,,,,,,,
Local rate,136,6,136927,136931,Spare,5,,,,,,,
Local rate,136,6,136934,136936,Spare,3,,,,,,,
Local rate,136,6,136939,136942,Spare,4,,,,,,,
Local rate,136,6,136944,136946,Spare,3,,,,,,,
Local rate,136,6,136948,136955,Spare,8,,,,,,,
Local rate,136,6,136957,136961,Spare,5,,,,,,,
Local rate,136,6,136964,136971,Spare,8,,,,,,,
Local rate,136,6,136974,136975,Spare,2,,,,,,,
Local rate,136,6,136977,136977,Spare,1,,,,,,,
Local rate,136,6,136979,136979,Spare,1,,,,,,,
Local rate,136,6,136981,136981,Spare,1,,,,,,,
Local rate,136,6,136983,136986,Spare,4,,,,,,,
Local rate,136,6,136988,136991,Spare,4,,,,,,,
Local rate,136,6,136993,136999,Spare,7,,,,,,,
Local rate,137,6,137006,137007,Spare,2,,,,,,,
Local rate,137,6,137012,137019,Spare,8,,,,,,,
Local rate,137,6,137021,137027,Spare,7,,,,,,,
Local rate,137,6,137029,137029,Spare,1,,,,,,,
Local rate,137,6,137031,137032,Spare,2,,,,,,,
Local rate,137,6,137034,137036,Spare,3,,,,,,,
Local rate,137,6,137038,137039,Spare,2,,,,,,,
Local rate,137,6,137041,137043,Spare,3,,,,,,,
Local rate,137,6,137045,137054,Spare,10,,,,,,,
Local rate,137,6,137056,137059,Spare,4,,,,,,,
Local rate,137,6,137061,137065,Spare,5,,,,,,,
Local rate,137,6,137068,137068,Spare,1,,,,,,,
Local rate,137,6,137070,137070,Spare,1,,,,,,,
Local rate,137,6,137072,137075,Spare,4,,,,,,,
Local rate,137,6,137077,137078,Spare,2,,,,,,,
Local rate,137,6,137081,137089,Spare,9,,,,,,,
Local rate,137,6,137091,137103,Spare,13,,,,,,,
Local rate,137,6,137105,137106,Spare,2,,,,,,,
Local rate,137,6,137108,137126,Spare,19,,,,,,,
Local rate,137,6,137128,137136,Spare,9,,,,,,,
Local rate,137,6,137139,137173,Spare,35,,,,,,,
Local rate,137,6,137176,137192,Spare,17,,,,,,,
Local rate,137,6,137194,137199,Spare,6,,,,,,,
Local rate,137,6,137201,137201,Spare,1,,,,,,,
Local rate,137,6,137203,137221,Spare,19,,,,,,,
Local rate,137,6,137223,137223,Spare,1,,,,,,,
Local rate,137,6,137229,137232,Spare,4,,,,,,,
Local rate,137,6,137234,137234,Spare,1,,,,,,,
Local rate,137,6,137236,137236,Spare,1,,,,,,,
Local rate,137,6,137239,137242,Spare,4,,,,,,,
Local rate,137,6,137244,137245,Spare,2,,,,,,,
Local rate,137,6,137249,137252,Spare,4,,,,,,,
Local rate,137,6,137254,137255,Spare,2,,,,,,,
Local rate,137,6,137259,137261,Spare,3,,,,,,,
Local rate,137,6,137265,137266,Spare,2,,,,,,,
Local rate,137,6,137268,137271,Spare,4,,,,,,,
Local rate,137,6,137274,137274,Spare,1,,,,,,,
Local rate,137,6,137277,137277,Spare,1,,,,,,,
Local rate,137,6,137279,137279,Spare,1,,,,,,,
Local rate,137,6,137281,137281,Spare,1,,,,,,,
Local rate,137,6,137285,137285,Spare,1,,,,,,,
Local rate,137,6,137287,137291,Spare,5,,,,,,,
Local rate,137,6,137293,137299,Spare,7,,,,,,,
Local rate,137,6,137301,137311,Spare,11,,,,,,,
Local rate,137,6,137313,137321,Spare,9,,,,,,,
Local rate,137,6,137324,137324,Spare,1,,,,,,,
Local rate,137,6,137327,137327,Spare,1,,,,,,,
Local rate,137,6,137330,137332,Spare,3,,,,,,,
Local rate,137,6,137337,137337,Spare,1,,,,,,,
Local rate,137,6,137339,137341,Spare,3,,,,,,,
Local rate,137,6,137344,137345,Spare,2,,,,,,,
Local rate,137,6,137347,137350,Spare,4,,,,,,,
Local rate,137,6,137357,137362,Spare,6,,,,,,,
Local rate,137,6,137365,137365,Spare,1,,,,,,,
Local rate,137,6,137369,137369,Spare,1,,,,,,,
Local rate,137,6,137371,137371,Spare,1,,,,,,,
Local rate,137,6,137374,137374,Spare,1,,,,,,,
Local rate,137,6,137379,137381,Spare,3,,,,,,,
Local rate,137,6,137383,137383,Spare,1,,,,,,,
Local rate,137,6,137386,137386,Spare,1,,,,,,,
Local rate,137,6,137389,137391,Spare,3,,,,,,,
Local rate,137,6,137393,137398,Spare,6,,,,,,,
Local rate,137,6,137400,137421,Spare,22,,,,,,,
Local rate,137,6,137428,137432,Spare,5,,,,,,,
Local rate,137,6,137434,137434,Spare,1,,,,,,,
Local rate,137,6,137436,137438,Spare,3,,,,,,,
Local rate,137,6,137440,137441,Spare,2,,,,,,,
Local rate,137,6,137443,137445,Spare,3,,,,,,,
Local rate,137,6,137448,137452,Spare,5,,,,,,,
Local rate,137,6,137454,137457,Spare,4,,,,,,,
Local rate,137,6,137459,137464,Spare,6,,,,,,,
Local rate,137,6,137467,137467,Spare,1,,,,,,,
Local rate,137,6,137470,137471,Spare,2,,,,,,,
Local rate,137,6,137474,137474,Spare,1,,,,,,,
Local rate,137,6,137476,137477,Spare,2,,,,,,,
Local rate,137,6,137479,137481,Spare,3,,,,,,,
Local rate,137,6,137484,137488,Spare,5,,,,,,,
Local rate,137,6,137490,137496,Spare,7,,,,,,,
Local rate,137,6,137501,137525,Spare,25,,,,,,,
Local rate,137,6,137529,137532,Spare,4,,,,,,,
Local rate,137,6,137534,137535,Spare,2,,,,,,,
Local rate,137,6,137537,137543,Spare,7,,,,,,,
Local rate,137,6,137548,137562,Spare,15,,,,,,,
Local rate,137,6,137564,137585,Spare,22,,,,,,,
Local rate,137,6,137588,137598,Spare,11,,,,,,,
Local rate,137,6,137600,137622,Spare,23,,,,,,,
Local rate,137,6,137628,137631,Spare,4,,,,,,,
Local rate,137,6,137633,137633,Spare,1,,,,,,,
Local rate,137,6,137635,137644,Spare,10,,,,,,,
Local rate,137,6,137647,137647,Spare,1,,,,,,,
Local rate,137,6,137649,137651,Spare,3,,,,,,,
Local rate,137,6,137655,137658,Spare,4,,,,,,,
Local rate,137,6,137660,137660,Spare,1,,,,,,,
Local rate,137,6,137664,137664,Spare,1,,,,,,,
Local rate,137,6,137667,137668,Spare,2,,,,,,,
Local rate,137,6,137670,137672,Spare,3,,,,,,,
Local rate,137,6,137674,137674,Spare,1,,,,,,,
Local rate,137,6,137676,137676,Spare,1,,,,,,,
Local rate,137,6,137679,137691,Spare,13,,,,,,,
Local rate,137,6,137694,137706,Spare,13,,,,,,,
Local rate,137,6,137708,137712,Spare,5,,,,,,,
Local rate,137,6,137714,137721,Spare,8,,,,,,,
Local rate,137,6,137723,137725,Spare,3,,,,,,,
Local rate,137,6,137729,137731,Spare,3,,,,,,,
Local rate,137,6,137733,137735,Spare,3,,,,,,,
Local rate,137,6,137737,137738,Spare,2,,,,,,,
Local rate,137,6,137740,137741,Spare,2,,,,,,,
Local rate,137,6,137743,137745,Spare,3,,,,,,,
Local rate,137,6,137747,137747,Spare,1,,,,,,,
Local rate,137,6,137749,137761,Spare,13,,,,,,,
Local rate,137,6,137763,137764,Spare,2,,,,,,,
Local rate,137,6,137766,137766,Spare,1,,,,,,,
Local rate,137,6,137769,137771,Spare,3,,,,,,,
Local rate,137,6,137773,137776,Spare,4,,,,,,,
Local rate,137,6,137778,137781,Spare,4,,,,,,,
Local rate,137,6,137783,137786,Spare,4,,,,,,,
Local rate,137,6,137789,137799,Spare,11,,,,,,,
Local rate,137,6,137801,137821,Spare,21,,,,,,,
Local rate,137,6,137825,137826,Spare,2,,,,,,,
Local rate,137,6,137830,137832,Spare,3,,,,,,,
Local rate,137,6,137835,137838,Spare,4,,,,,,,
Local rate,137,6,137840,137841,Spare,2,,,,,,,
Local rate,137,6,137844,137844,Spare,1,,,,,,,
Local rate,137,6,137846,137846,Spare,1,,,,,,,
Local rate,137,6,137849,137855,Spare,7,,,,,,,
Local rate,137,6,137857,137864,Spare,8,,,,,,,
Local rate,137,6,137866,137866,Spare,1,,,,,,,
Local rate,137,6,137869,137871,Spare,3,,,,,,,
Local rate,137,6,137874,137875,Spare,2,,,,,,,
Local rate,137,6,137878,137878,Spare,1,,,,,,,
Local rate,137,6,137880,137882,Spare,3,,,,,,,
Local rate,137,6,137884,137887,Spare,4,,,,,,,
Local rate,137,6,137889,137923,Spare,35,,,,,,,
Local rate,137,6,137925,137925,Spare,1,,,,,,,
Local rate,137,6,137928,137931,Spare,4,,,,,,,
Local rate,137,6,137933,137933,Spare,1,,,,,,,
Local rate,137,6,137935,137935,Spare,1,,,,,,,
Local rate,137,6,137938,137945,Spare,8,,,,,,,
Local rate,137,6,137947,137947,Spare,1,,,,,,,
Local rate,137,6,137949,137961,Spare,13,,,,,,,
Local rate,137,6,137963,137972,Spare,10,,,,,,,
Local rate,137,6,137975,137977,Spare,3,,,,,,,
Local rate,137,6,137979,137999,Spare,21,,,,,,,
Local rate,138,6,138002,138009,Spare,8,,,,,,,
Local rate,138,6,138011,138016,Spare,6,,,,,,,
Local rate,138,6,138018,138079,Spare,62,,,,,,,
Local rate,138,6,138081,138087,Spare,7,,,,,,,
Local rate,138,6,138089,138089,Spare,1,,,,,,,
Local rate,138,6,138091,138099,Spare,9,,,,,,,
Local rate,138,6,138101,138110,Spare,10,,,,,,,
Local rate,138,6,138112,138127,Spare,16,,,,,,,
Local rate,138,6,138129,138133,Spare,5,,,,,,,
Local rate,138,6,138135,138137,Spare,3,,,,,,,
Local rate,138,6,138140,138150,Spare,11,,,,,,,
Local rate,138,6,138152,138199,Spare,48,,,,,,,
Local rate,138,6,138201,138225,Spare,25,,,,,,,
Local rate,138,6,138228,138229,Spare,2,,,,,,,
Local rate,138,6,138231,138232,Spare,2,,,,,,,
Local rate,138,6,138234,138236,Spare,3,,,,,,,
Local rate,138,6,138239,138243,Spare,5,,,,,,,
Local rate,138,6,138246,138246,Spare,1,,,,,,,
Local rate,138,6,138248,138254,Spare,7,,,,,,,
Local rate,138,6,138256,138257,Spare,2,,,,,,,
Local rate,138,6,138259,138261,Spare,3,,,,,,,
Local rate,138,6,138263,138263,Spare,1,,,,,,,
Local rate,138,6,138265,138265,Spare,1,,,,,,,
Local rate,138,6,138267,138273,Spare,7,,,,,,,
Local rate,138,6,138276,138286,Spare,11,,,,,,,
Local rate,138,6,138289,138290,Spare,2,,,,,,,
Local rate,138,6,138293,138293,Spare,1,,,,,,,
Local rate,138,6,138295,138299,Spare,5,,,,,,,
Local rate,138,6,138301,138321,Spare,21,,,,,,,
Local rate,138,6,138326,138327,Spare,2,,,,,,,
Local rate,138,6,138329,138331,Spare,3,,,,,,,
Local rate,138,6,138334,138337,Spare,4,,,,,,,
Local rate,138,6,138339,138341,Spare,3,,,,,,,
Local rate,138,6,138343,138345,Spare,3,,,,,,,
Local rate,138,6,138347,138351,Spare,5,,,,,,,
Local rate,138,6,138353,138354,Spare,2,,,,,,,
Local rate,138,6,138358,138363,Spare,6,,,,,,,
Local rate,138,6,138369,138372,Spare,4,,,,,,,
Local rate,138,6,138374,138374,Spare,1,,,,,,,
Local rate,138,6,138379,138381,Spare,3,,,,,,,
Local rate,138,6,138384,138386,Spare,3,,,,,,,
Local rate,138,6,138389,138397,Spare,9,,,,,,,
Local rate,138,6,138399,138399,Spare,1,,,,,,,
Local rate,138,6,138401,138421,Spare,21,,,,,,,
Local rate,138,6,138425,138425,Spare,1,,,,,,,
Local rate,138,6,138429,138438,Spare,10,,,,,,,
Local rate,138,6,138440,138442,Spare,3,,,,,,,
Local rate,138,6,138445,138452,Spare,8,,,,,,,
Local rate,138,6,138456,138457,Spare,2,,,,,,,
Local rate,138,6,138459,138461,Spare,3,,,,,,,
Local rate,138,6,138464,138465,Spare,2,,,,,,,
Local rate,138,6,138467,138467,Spare,1,,,,,,,
Local rate,138,6,138470,138471,Spare,2,,,,,,,
Local rate,138,6,138475,138478,Spare,4,,,,,,,
Local rate,138,6,138480,138481,Spare,2,,,,,,,
Local rate,138,6,138483,138485,Spare,3,,,,,,,
Local rate,138,6,138488,138499,Spare,12,,,,,,,
Local rate,138,6,138501,138547,Spare,47,,,,,,,
Local rate,138,6,138549,138586,Spare,38,,,,,,,
Local rate,138,6,138588,138599,Spare,12,,,,,,,
Local rate,138,6,138601,138621,Spare,21,,,,,,,
Local rate,138,6,138623,138625,Spare,3,,,,,,,
Local rate,138,6,138628,138635,Spare,8,,,,,,,
Local rate,138,6,138637,138639,Spare,3,,,,,,,
Local rate,138,6,138641,138641,Spare,1,,,,,,,
Local rate,138,6,138644,138646,Spare,3,,,,,,,
Local rate,138,6,138649,138654,Spare,6,,,,,,,
Local rate,138,6,138656,138657,Spare,2,,,,,,,
Local rate,138,6,138659,138662,Spare,4,,,,,,,
Local rate,138,6,138664,138664,Spare,1,,,,,,,
Local rate,138,6,138666,138671,Spare,6,,,,,,,
Local rate,138,6,138673,138673,Spare,1,,,,,,,
Local rate,138,6,138675,138682,Spare,8,,,,,,,
Local rate,138,6,138685,138686,Spare,2,,,,,,,
Local rate,138,6,138690,138692,Spare,3,,,,,,,
Local rate,138,6,138694,138695,Spare,2,,,,,,,
Local rate,138,6,138698,138698,Spare,1,,,,,,,
Local rate,138,6,138700,138721,Spare,22,,,,,,,
Local rate,138,6,138725,138726,Spare,2,,,,,,,
Local rate,138,6,138729,138732,Spare,4,,,,,,,
Local rate,138,6,138734,138736,Spare,3,,,,,,,
Local rate,138,6,138738,138745,Spare,8,,,,,,,
Local rate,138,6,138748,138776,Spare,29,,,,,,,
Local rate,138,6,138778,138781,Spare,4,,,,,,,
Local rate,138,6,138784,138787,Spare,4,,,,,,,
Local rate,138,6,138789,138797,Spare,9,,,,,,,
Local rate,138,6,138799,138799,Spare,1,,,,,,,
Local rate,138,6,138801,138807,Spare,7,,,,,,,
Local rate,138,6,138809,138809,Spare,1,,,,,,,
Local rate,138,6,138814,138826,Spare,13,,,,,,,
Local rate,138,6,138829,138830,Spare,2,,,,,,,
Local rate,138,6,138832,138846,Spare,15,,,,,,,
Local rate,138,6,138848,138857,Spare,10,,,,,,,
Local rate,138,6,138859,138859,Spare,1,,,,,,,
Local rate,138,6,138861,138861,Spare,1,,,,,,,
Local rate,138,6,138865,138867,Spare,3,,,,,,,
Local rate,138,6,138869,138876,Spare,8,,,,,,,
Local rate,138,6,138879,138879,Spare,1,,,,,,,
Local rate,138,6,138883,138883,Spare,1,,,,,,,
Local rate,138,6,138885,138886,Spare,2,,,,,,,
Local rate,138,6,138890,138897,Spare,8,,,,,,,
Local rate,138,6,138899,138925,Spare,27,,,,,,,
Local rate,138,6,138927,138927,Spare,1,,,,,,,
Local rate,138,6,138929,138952,Spare,24,,,,,,,
Local rate,138,6,138954,138966,Spare,13,,,,,,,
Local rate,138,6,138968,138972,Spare,5,,,,,,,
Local rate,138,6,138974,138975,Spare,2,,,,,,,
Local rate,138,6,138977,138985,Spare,9,,,,,,,
Local rate,138,6,138987,138987,Spare,1,,,,,,,
Local rate,138,6,138989,138999,Spare,11,,,,,,,
Local rate,139,6,139001,139006,Spare,6,,,,,,,
Local rate,139,6,139008,139027,Spare,20,,,,,,,
Local rate,139,6,139030,139038,Spare,9,,,,,,,
Local rate,139,6,139040,139108,Spare,69,,,,,,,
Local rate,139,6,139110,139110,Spare,1,,,,,,,
Local rate,139,6,139112,139124,Spare,13,,,,,,,
Local rate,139,6,139126,139128,Spare,3,,,,,,,
Local rate,139,6,139130,139130,Spare,1,,,,,,,
Local rate,139,6,139135,139137,Spare,3,,,,,,,
Local rate,139,6,139140,139148,Spare,9,,,,,,,
Local rate,139,6,139150,139158,Spare,9,,,,,,,
Local rate,139,6,139160,139160,Spare,1,,,,,,,
Local rate,139,6,139162,139168,Spare,7,,,,,,,
Local rate,139,6,139170,139175,Spare,6,,,,,,,
Local rate,139,6,139177,139178,Spare,2,,,,,,,
Local rate,139,6,139180,139188,Spare,9,,,,,,,
Local rate,139,6,139191,139191,Spare,1,,,,,,,
Local rate,139,6,139193,139198,Spare,6,,,,,,,
Local rate,139,6,139200,139208,Spare,9,,,,,,,
Local rate,139,6,139210,139211,Spare,2,,,,,,,
Local rate,139,6,139213,139218,Spare,6,,,,,,,
Local rate,139,6,139220,139225,Spare,6,,,,,,,
Local rate,139,6,139227,139231,Spare,5,,,,,,,
Local rate,139,6,139233,139238,Spare,6,,,,,,,
Local rate,139,6,139240,139246,Spare,7,,,,,,,
Local rate,139,6,139250,139258,Spare,9,,,,,,,
Local rate,139,6,139260,139261,Spare,2,,,,,,,
Local rate,139,6,139263,139265,Spare,3,,,,,,,
Local rate,139,6,139267,139272,Spare,6,,,,,,,
Local rate,139,6,139275,139275,Spare,1,,,,,,,
Local rate,139,6,139280,139281,Spare,2,,,,,,,
Local rate,139,6,139284,139285,Spare,2,,,,,,,
Local rate,139,6,139288,139288,Spare,1,,,,,,,
Local rate,139,6,139290,139298,Spare,9,,,,,,,
Local rate,139,6,139301,139312,Spare,12,,,,,,,
Local rate,139,6,139314,139321,Spare,8,,,,,,,
Local rate,139,6,139324,139324,Spare,1,,,,,,,
Local rate,139,6,139326,139332,Spare,7,,,,,,,
Local rate,139,6,139334,139335,Spare,2,,,,,,,
Local rate,139,6,139337,139341,Spare,5,,,,,,,
Local rate,139,6,139343,139343,Spare,1,,,,,,,
Local rate,139,6,139345,139354,Spare,10,,,,,,,
Local rate,139,6,139356,139368,Spare,13,,,,,,,
Local rate,139,6,139370,139372,Spare,3,,,,,,,
Local rate,139,6,139374,139374,Spare,1,,,,,,,
Local rate,139,6,139379,139383,Spare,5,,,,,,,
Local rate,139,6,139385,139391,Spare,7,,,,,,,
Local rate,139,6,139393,139400,Spare,8,,,,,,,
Local rate,139,6,139402,139426,Spare,25,,,,,,,
Local rate,139,6,139428,139428,Spare,1,,,,,,,
Local rate,139,6,139430,139432,Spare,3,,,,,,,
Local rate,139,6,139435,139443,Spare,9,,,,,,,
Local rate,139,6,139445,139447,Spare,3,,,,,,,
Local rate,139,6,139449,139452,Spare,4,,,,,,,
Local rate,139,6,139454,139458,Spare,5,,,,,,,
Local rate,139,6,139460,139462,Spare,3,,,,,,,
Local rate,139,6,139464,139464,Spare,1,,,,,,,
Local rate,139,6,139466,139471,Spare,6,,,,,,,
Local rate,139,6,139473,139475,Spare,3,,,,,,,
Local rate,139,6,139478,139478,Spare,1,,,,,,,
Local rate,139,6,139480,139488,Spare,9,,,,,,,
Local rate,139,6,139490,139491,Spare,2,,,,,,,
Local rate,139,6,139493,139499,Spare,7,,,,,,,
Local rate,139,6,139501,139508,Spare,8,,,,,,,
Local rate,139,6,139510,139518,Spare,9,,,,,,,
Local rate,139,6,139520,139521,Spare,2,,,,,,,
Local rate,139,6,139523,139524,Spare,2,,,,,,,
Local rate,139,6,139526,139538,Spare,13,,,,,,,
Local rate,139,6,139540,139548,Spare,9,,,,,,,
Local rate,139,6,139551,139568,Spare,18,,,,,,,
Local rate,139,6,139570,139577,Spare,8,,,,,,,
Local rate,139,6,139579,139583,Spare,5,,,,,,,
Local rate,139,6,139585,139587,Spare,3,,,,,,,
Local rate,139,6,139589,139595,Spare,7,,,,,,,
Local rate,139,6,139597,139608,Spare,12,,,,,,,
Local rate,139,6,139610,139621,Spare,12,,,,,,,
Local rate,139,6,139623,139628,Spare,6,,,,,,,
Local rate,139,6,139630,139641,Spare,12,,,,,,,
Local rate,139,6,139643,139652,Spare,10,,,,,,,
Local rate,139,6,139654,139664,Spare,11,,,,,,,
Local rate,139,6,139667,139674,Spare,8,,,,,,,
Local rate,139,6,139677,139683,Spare,7,,,,,,,
Local rate,139,6,139685,139685,Spare,1,,,,,,,
Local rate,139,6,139687,139687,Spare,1,,,,,,,
Local rate,139,6,139689,139696,Spare,8,,,,,,,
Local rate,139,6,139698,139698,Spare,1,,,,,,,
Local rate,139,6,139701,139708,Spare,8,,,,,,,
Local rate,139,6,139710,139710,Spare,1,,,,,,,
Local rate,139,6,139712,139721,Spare,10,,,,,,,
Local rate,139,6,139724,139728,Spare,5,,,,,,,
Local rate,139,6,139730,139735,Spare,6,,,,,,,
Local rate,139,6,139738,139799,Spare,62,,,,,,,
Local rate,139,6,139801,139808,Spare,8,,,,,,,
Local rate,139,6,139810,139817,Spare,8,,,,,,,
Local rate,139,6,139819,139826,Spare,8,,,,,,,
Local rate,139,6,139828,139838,Spare,11,,,,,,,
Local rate,139,6,139840,139868,Spare,29,,,,,,,
Local rate,139,6,139870,139872,Spare,3,,,,,,,
Local rate,139,6,139874,139887,Spare,14,,,,,,,
Local rate,139,6,139889,139900,Spare,12,,,,,,,
Local rate,139,6,139902,139908,Spare,7,,,,,,,
Local rate,139,6,139910,139912,Spare,3,,,,,,,
Local rate,139,6,139914,139918,Spare,5,,,,,,,
Local rate,139,6,139920,139921,Spare,2,,,,,,,
Local rate,139,6,139923,139928,Spare,6,,,,,,,
Local rate,139,6,139930,139938,Spare,9,,,,,,,
Local rate,139,6,139940,139948,Spare,9,,,,,,,
Local rate,139,6,139950,139958,Spare,9,,,,,,,
Local rate,139,6,139960,139968,Spare,9,,,,,,,
Local rate,139,6,139970,139971,Spare,2,,,,,,,
Local rate,139,6,139973,139978,Spare,6,,,,,,,
Local rate,139,6,139980,139988,Spare,9,,,,,,,
Local rate,139,6,139990,139993,Spare,4,,,,,,,
Local rate,139,6,139995,139998,Spare,4,,,,,,,
